Customer ID,Customer Name,Segment,Country,City,State,Postal Code,Region
CG-12520,Claire Gute,Consumer,United States,Henderson,Kentucky,42420.0,South
IM-15070,Irene Maddox,Consumer,United States,Seattle,Washington,98103.0,West
GH-14485,Gene Hale,Corporate,United States,Richardson,Texas,75080.0,Central
BS-11590,Brendan Sweed,Corporate,United States,Gilbert,Arizona,85234.0,West
KD-16270,Karen Daniels,Consumer,United States,Springfield,Virginia,22153.0,South
KB-16600,Ken Brennan,Corporate,United States,Houston,Texas,77041.0,Central
JC-16105,Julie Creighton,Corporate,United States,Durham,North Carolina,27707.0,South
GM-14455,Gary Mitchum,Home Office,United States,Houston,Texas,77095.0,Central
RB-19705,Roger Barcio,Home Office,United States,Portland,Oregon,97206.0,West
PN-18775,Parhena Norris,Home Office,United States,New York City,New York,10009.0,East
ER-13855,Elpida Rittenbach,Corporate,United States,Saint Paul,Minnesota,55106.0,Central
GZ-14470,Gary Zandusky,Consumer,United States,Rochester,Minnesota,55901.0,Central
CL-12565,Clay Ludtke,Consumer,United States,Urbandale,Iowa,50322.0,Central
DK-13090,Dave Kipp,Consumer,United States,Seattle,Washington,98103.0,West
GG-14650,Greg Guthrie,Corporate,United States,Bristol,Tennessee,37620.0,South
TS-21610,Troy Staebel,Consumer,United States,Phoenix,Arizona,85023.0,West
LS-16975,Lindsay Shagiari,Home Office,United States,Los Angeles,California,90004.0,West
DW-13585,Dorothy Wardle,Corporate,United States,Columbus,Ohio,43229.0,East
JD-15895,Jonathan Doherty,Corporate,United States,Philadelphia,Pennsylvania,19140.0,East
HA-14920,Helen Andreada,Consumer,United States,Pasadena,California,91104.0,West
JE-16165,Justin Ellison,Corporate,United States,Franklin,Wisconsin,53132.0,Central
DB-13060,Dave Brooks,Consumer,United States,Seattle,Washington,98115.0,West
TT-21070,Ted Trevino,Consumer,United States,Los Angeles,California,90045.0,West
MJ-17740,Max Jones,Consumer,United States,Seattle,Washington,98115.0,West
BM-11140,Becky Martin,Consumer,United States,San Antonio,Texas,78207.0,Central
CS-12130,Chad Sievert,Consumer,United States,Los Angeles,California,90004.0,West
DK-13150,David Kendrick,Corporate,United States,Decatur,Illinois,62521.0,Central
BS-11755,Bruce Stewart,Consumer,United States,Denver,Colorado,80219.0,West
HK-14890,Heather Kirkland,Corporate,United States,Franklin,Tennessee,37064.0,South
JH-15985,Joseph Holt,Consumer,United States,Saginaw,Michigan,48601.0,Central
VW-21775,Victoria Wilson,Corporate,United States,Medina,Ohio,44256.0,East
CS-12400,Christopher Schild,Home Office,United States,Tampa,Florida,33614.0,South
KL-16645,Ken Lonsdale,Consumer,United States,Chicago,Illinois,60610.0,Central
DW-13480,Dianna Wilson,Home Office,United States,Lakeville,Minnesota,55044.0,Central
CC-12670,Craig Carreira,Consumer,United States,New York City,New York,10009.0,East
Dl-13600,Dorris liebe,Corporate,United States,Pasadena,Texas,77506.0,Central
JO-15280,Jas O'Carroll,Consumer,United States,Los Angeles,California,90004.0,West
AS-10225,Alan Schoenberger,Corporate,United States,New York City,New York,10024.0,East
CR-12625,Corey Roper,Home Office,United States,Lakewood,New Jersey,8701.0,East
NM-18445,Nathan Mautz,Home Office,United States,New York City,New York,10024.0,East
DJ-13510,Don Jones,Corporate,United States,Murfreesboro,Tennessee,37130.0,South
DB-13615,Doug Bickford,Consumer,United States,Los Angeles,California,90045.0,West
TD-20995,Tamara Dahlen,Consumer,United States,Lowell,Massachusetts,1852.0,East
AB-10060,Adam Bellavance,Home Office,United States,New York City,New York,10009.0,East
VB-21745,Victoria Brennan,Corporate,United States,Columbus,Georgia,31907.0,South
DK-13225,Dean Katz,Corporate,United States,Philadelphia,Pennsylvania,19140.0,East
BP-11095,Bart Pistole,Corporate,United States,Peoria,Illinois,61604.0,Central
AG-10675,Anna Gayman,Consumer,United States,Houston,Texas,77036.0,Central
KH-16510,Keith Herrera,Consumer,United States,San Francisco,California,94110.0,West
KC-16675,Kimberly Carter,Corporate,United States,Seattle,Washington,98105.0,West
SP-20860,Sung Pak,Corporate,United States,Los Angeles,California,90045.0,West
KH-16630,Ken Heidel,Corporate,United States,San Antonio,Texas,78207.0,Central
PK-19075,Pete Kriz,Consumer,United States,Detroit,Michigan,48227.0,Central
RB-19360,Raymond Buch,Consumer,United States,Auburn,New York,13021.0,East
JP-15520,Jeremy Pistek,Consumer,United States,San Francisco,California,94110.0,West
XP-21865,Xylona Preis,Consumer,United States,San Diego,California,92024.0,West
MG-18145,Mike Gockenbach,Consumer,United States,Philadelphia,Pennsylvania,19134.0,East
KB-16240,Karen Bern,Corporate,United States,Los Angeles,California,90036.0,West
JC-15340,Jasper Cacioppo,Consumer,United States,Los Angeles,California,90032.0,West
EP-13915,Emily Phan,Consumer,United States,Chicago,Illinois,60653.0,Central
MP-17470,Mark Packer,Home Office,United States,New York City,New York,10009.0,East
DK-12985,Darren Koutras,Consumer,United States,Henderson,Kentucky,42420.0,South
BD-11500,Bradley Drucker,Consumer,United States,Green Bay,Wisconsin,54302.0,Central
RC-19960,Ryan Crowe,Consumer,United States,Jacksonville,Florida,32216.0,South
AJ-10945,Ashley Jarboe,Consumer,United States,Wilmington,North Carolina,28403.0,South
JF-15490,Jeremy Farry,Consumer,United States,Seattle,Washington,98105.0,West
FP-14320,Frank Preis,Consumer,United States,Los Angeles,California,90008.0,West
EB-13840,Ellis Ballard,Corporate,United States,Seattle,Washington,98105.0,West
SF-20200,Sarah Foster,Consumer,United States,Marysville,Washington,98270.0,West
DV-13465,Dianna Vittorini,Consumer,United States,Denver,Colorado,80219.0,West
BD-11725,Bruce Degenhardt,Consumer,United States,Richmond,Kentucky,40475.0,South
DJ-13420,Denny Joy,Corporate,United States,Warner Robins,Georgia,31088.0,South
BB-10990,Barry Blumstein,Corporate,United States,Sierra Vista,Arizona,85635.0,West
RC-19825,Roy Collins,Consumer,United States,Louisville,Kentucky,40214.0,South
TH-21235,Tiffany House,Corporate,United States,Dallas,Texas,75081.0,Central
RB-19570,Rob Beeghly,Consumer,United States,Columbus,Indiana,47201.0,Central
GT-14635,Grant Thornton,Corporate,United States,Burlington,North Carolina,27217.0,South
MC-17845,Michael Chen,Consumer,United States,Jackson,Mississippi,39212.0,South
AS-10285,Alejandro Savely,Corporate,United States,Seattle,Washington,98103.0,West
DP-13165,David Philippe,Consumer,United States,New York City,New York,10035.0,East
TH-21550,Tracy Hopkins,Home Office,United States,New York City,New York,10035.0,East
AP-10915,Arthur Prichep,Consumer,United States,Palm Coast,Florida,32137.0,South
CK-12325,Christine Kargatis,Home Office,United States,Orem,Utah,84057.0,West
SC-20695,Steve Chapman,Corporate,United States,Hialeah,Florida,33012.0,South
EG-13900,Emily Grady,Consumer,United States,Oceanside,New York,11572.0,East
PO-19195,Phillina Ober,Home Office,United States,Naperville,Illinois,60540.0,Central
RF-19735,Roland Fjeld,Consumer,United States,Trenton,Michigan,48183.0,Central
YC-21895,Yoseph Carroll,Corporate,United States,San Francisco,California,94110.0,West
MS-17830,Melanie Seite,Consumer,United States,Los Angeles,California,90036.0,West
BM-11785,Bryan Mills,Consumer,United States,Columbus,Ohio,43229.0,East
RA-19915,Russell Applegate,Consumer,United States,Denver,Colorado,80219.0,West
AA-10375,Allen Armold,Consumer,United States,Omaha,Nebraska,68104.0,Central
JL-15175,James Lanier,Home Office,United States,Columbia,Tennessee,38401.0,South
EB-13705,Ed Braxton,Corporate,United States,Fort Worth,Texas,76106.0,Central
EM-14095,Eudokia Martin,Corporate,United States,Los Angeles,California,90036.0,West
GA-14725,Guy Armstrong,Consumer,United States,Lorain,Ohio,44052.0,East
CK-12760,Cyma Kinney,Corporate,United States,Linden,New Jersey,7036.0,East
BK-11260,Berenike Kampe,Consumer,United States,New York City,New York,10035.0,East
AJ-10795,Anthony Johnson,Corporate,United States,Jacksonville,Florida,32216.0,South
GP-14740,Guy Phonely,Corporate,United States,Lancaster,Pennsylvania,17602.0,East
PK-18910,Paul Knutson,Home Office,United States,Philadelphia,Pennsylvania,19143.0,East
PC-18745,Pamela Coakley,Corporate,United States,San Francisco,California,94122.0,West
HL-15040,Hunter Lopez,Consumer,United States,Houston,Texas,77095.0,Central
JR-16210,Justin Ritter,Corporate,United States,Springfield,Ohio,45503.0,East
LC-17140,Logan Currie,Consumer,United States,Los Angeles,California,90032.0,West
BE-11335,Bill Eplett,Home Office,United States,Jackson,Michigan,49201.0,Central
RW-19630,Rob Williams,Corporate,United States,Dallas,Texas,75220.0,Central
JJ-15760,Joel Jenkins,Home Office,United States,Springfield,Virginia,22153.0,South
RK-19300,Ralph Kennedy,Consumer,United States,Philadelphia,Pennsylvania,19140.0,East
RA-19885,Ruben Ausman,Corporate,United States,Farmington,New Mexico,87401.0,West
KH-16360,Katherine Hughes,Consumer,United States,Philadelphia,Pennsylvania,19143.0,East
CV-12805,Cynthia Voltz,Corporate,United States,San Francisco,California,94110.0,West
BS-11800,Bryan Spruell,Home Office,United States,New York City,New York,10011.0,East
BW-11110,Bart Watters,Corporate,United States,Detroit,Michigan,48205.0,Central
EB-13870,Emily Burns,Consumer,United States,New York City,New York,10035.0,East
TS-21340,Toby Swindell,Consumer,United States,Houston,Texas,77041.0,Central
MT-17815,Meg Tillman,Consumer,United States,Scottsdale,Arizona,85254.0,West
AT-10735,Annie Thurman,Consumer,United States,Chicago,Illinois,60653.0,Central
KM-16225,Kalyca Meade,Corporate,United States,New York City,New York,10011.0,East
MO-17500,Mary O'Rourke,Consumer,United States,New York City,New York,10035.0,East
NS-18640,Noel Staavos,Corporate,United States,Chicago,Illinois,60610.0,Central
DG-13300,Deirdre Greer,Corporate,United States,Philadelphia,Pennsylvania,19134.0,East
NF-18595,Nicole Fjeld,Home Office,United States,New York City,New York,10009.0,East
BD-11620,Brian DeCherney,Consumer,United States,San Francisco,California,94122.0,West
LC-16870,Lena Cacioppo,Consumer,United States,Des Moines,Iowa,50315.0,Central
LW-16990,Lindsay Williams,Corporate,United States,Monroe,North Carolina,28110.0,South
CS-12355,Christine Sundaresam,Consumer,United States,Roswell,Georgia,30076.0,South
PA-19060,Pete Armstrong,Home Office,United States,Richmond,Indiana,47374.0,Central
JS-15940,Joni Sundaresam,Home Office,United States,Philadelphia,Pennsylvania,19134.0,East
LR-16915,Lena Radford,Consumer,United States,Homestead,Florida,33030.0,South
NC-18340,Nat Carroll,Consumer,United States,Lansing,Michigan,48911.0,Central
GB-14530,George Bell,Corporate,United States,Los Angeles,California,90004.0,West
LT-16765,Larry Tron,Consumer,United States,Escondido,California,92025.0,West
AP-10720,Anne Pryor,Home Office,United States,New York City,New York,10035.0,East
PM-18940,Paul MacIntyre,Consumer,United States,Jackson,Michigan,49201.0,Central
KC-16540,Kelly Collister,Consumer,United States,Seattle,Washington,98115.0,West
DL-13315,Delfina Latchford,Consumer,United States,New York City,New York,10035.0,East
JE-15745,Joel Eaton,Consumer,United States,Rockville,Maryland,20852.0,East
ZC-21910,Zuschuss Carroll,Consumer,United States,Houston,Texas,77041.0,Central
LH-16750,Larry Hughes,Consumer,United States,Charlotte,North Carolina,28205.0,South
CC-12220,Chris Cortes,Consumer,United States,La Porte,Indiana,46350.0,Central
PF-19225,Phillip Flathmann,Consumer,United States,San Francisco,California,94122.0,West
DC-12850,Dan Campbell,Consumer,United States,Florence,Alabama,35630.0,South
BD-11770,Bryan Davis,Consumer,United States,Houston,Texas,77070.0,Central
KC-16255,Karen Carlisle,Corporate,United States,Macon,Georgia,31204.0,South
TR-21325,Toby Ritter,Consumer,United States,Cedar Rapids,Iowa,52402.0,Central
SA-20830,Sue Ann Reed,Consumer,United States,Jacksonville,Florida,32216.0,South
KW-16435,Katrina Willman,Consumer,United States,Austin,Texas,78745.0,Central
AD-10180,Alan Dominguez,Home Office,United States,New York City,New York,10035.0,East
CC-12430,Chuck Clark,Home Office,United States,San Francisco,California,94122.0,West
QJ-19255,Quincy Jones,Corporate,United States,Saint Paul,Minnesota,55106.0,Central
AA-10315,Alex Avila,Consumer,United States,San Francisco,California,94109.0,West
CS-12460,Chuck Sachs,Consumer,United States,Columbus,Georgia,31907.0,South
LW-16825,Laurel Workman,Corporate,United States,Deltona,Florida,32725.0,South
MC-17575,Matt Collins,Consumer,United States,Cincinnati,Ohio,45231.0,East
LP-17095,Liz Preis,Consumer,United States,Murray,Kentucky,42071.0,South
EB-14170,Evan Bailliet,Consumer,United States,Wilmington,North Carolina,28403.0,South
AB-10255,Alejandro Ballentine,Home Office,United States,Lorain,Ohio,44052.0,East
HP-14815,Harold Pawlan,Home Office,United States,Los Angeles,California,90049.0,West
JF-15190,Jamie Frazer,Consumer,United States,Los Angeles,California,90008.0,West
AS-10045,Aaron Smayling,Corporate,United States,Jacksonville,North Carolina,28540.0,South
BP-11290,Beth Paige,Consumer,United States,Evanston,Illinois,60201.0,Central
ND-18370,Natalie DeCherney,Consumer,United States,Louisville,Kentucky,40214.0,South
AB-10600,Ann Blume,Corporate,United States,Tucson,Arizona,85705.0,West
SZ-20035,Sam Zeldin,Home Office,United States,Pico Rivera,California,90660.0,West
MG-17890,Michael Granlund,Home Office,United States,Clinton,Maryland,20735.0,East
KM-16720,Kunst Miller,Consumer,United States,Vallejo,California,94591.0,West
VD-21670,Valerie Dominguez,Consumer,United States,Pleasant Grove,Utah,84062.0,West
JK-16120,Julie Kriz,Home Office,United States,Aurora,Illinois,60505.0,Central
PP-18955,Paul Prost,Home Office,United States,Smyrna,Georgia,30080.0,South
YS-21880,Yana Sorensen,Corporate,United States,Burlington,North Carolina,27217.0,South
KM-16375,Katherine Murray,Home Office,United States,Salem,Virginia,24153.0,South
SD-20485,Shirley Daniels,Home Office,United States,Philadelphia,Pennsylvania,19143.0,East
PW-19030,Pauline Webber,Corporate,United States,Richmond,Kentucky,40475.0,South
SC-20440,Shaun Chance,Corporate,United States,Aurora,Colorado,80013.0,West
JB-15400,Jennifer Braxton,Corporate,United States,Los Angeles,California,90008.0,West
AA-10480,Andrew Allen,Consumer,United States,Middletown,Connecticut,6457.0,East
NM-18520,Neoma Murray,Consumer,United States,Houston,Texas,77036.0,Central
MK-18160,Mike Kennedy,Consumer,United States,San Francisco,California,94122.0,West
CM-12655,Corinna Mitchell,Home Office,United States,Los Angeles,California,90008.0,West
JD-15790,John Dryer,Consumer,United States,Coppell,Texas,75019.0,Central
PC-19000,Pauline Chand,Home Office,United States,Los Angeles,California,90004.0,West
TB-21400,Tom Boeckenhauer,Consumer,United States,Seattle,Washington,98105.0,West
GH-14425,Gary Hwang,Consumer,United States,Tucson,Arizona,85705.0,West
MC-18130,Mike Caudle,Corporate,United States,Newark,Delaware,19711.0,East
DB-13270,Deborah Brumfield,Home Office,United States,San Diego,California,92024.0,West
AB-10150,Aimee Bixby,Consumer,United States,Long Beach,New York,11561.0,East
CM-12190,Charlotte Melton,Consumer,United States,Philadelphia,Pennsylvania,19134.0,East
NP-18325,Naresj Patel,Consumer,United States,New York City,New York,10024.0,East
MD-17350,Maribeth Dona,Consumer,United States,Columbus,Ohio,43229.0,East
VM-21685,Valerie Mitchum,Home Office,United States,Philadelphia,Pennsylvania,19140.0,East
RD-19585,Rob Dowd,Consumer,United States,Plano,Texas,75023.0,Central
SW-20455,Shaun Weien,Consumer,United States,Suffolk,Virginia,23434.0,South
CB-12535,Claudia Bergmann,Corporate,United States,San Francisco,California,94110.0,West
AW-10840,Anthony Witt,Consumer,United States,Philadelphia,Pennsylvania,19140.0,East
SC-20725,Steven Cartwright,Consumer,United States,Seattle,Washington,98115.0,West
CD-12790,Cynthia Delaney,Home Office,United States,San Diego,California,92037.0,West
PG-18820,Patrick Gardner,Consumer,United States,Glendale,Arizona,85301.0,West
CA-12265,Christina Anderson,Consumer,United States,Springfield,Virginia,22153.0,South
DB-13120,David Bremer,Corporate,United States,San Francisco,California,94122.0,West
TT-21460,Tonja Turnell,Home Office,United States,Fort Worth,Texas,76106.0,Central
MB-18085,Mick Brown,Consumer,United States,Philadelphia,Pennsylvania,19143.0,East
AG-10900,Arthur Gainer,Consumer,United States,San Diego,California,92105.0,West
ML-17755,Max Ludwig,Home Office,United States,Suffolk,Virginia,23434.0,South
SC-20770,Stewart Carmichael,Corporate,United States,Dallas,Texas,75081.0,Central
RP-19390,Resi Pölking,Consumer,United States,Madison,Wisconsin,53711.0,Central
BE-11455,Brad Eason,Home Office,United States,Olathe,Kansas,66062.0,Central
RM-19375,Raymond Messe,Consumer,United States,San Jose,California,95123.0,West
JF-15565,Jill Fjeld,Consumer,United States,Dallas,Texas,75081.0,Central
FO-14305,Frank Olsen,Consumer,United States,Harrisonburg,Virginia,22801.0,South
LL-16840,Lauren Leatherbury,Consumer,United States,Seattle,Washington,98105.0,West
CH-12070,Cathy Hwang,Home Office,United States,Raleigh,North Carolina,27604.0,South
BF-10975,Barbara Fisher,Corporate,United States,Charlotte,North Carolina,28205.0,South
FA-14230,Frank Atkinson,Corporate,United States,San Antonio,Texas,78207.0,Central
FH-14275,Frank Hawley,Corporate,United States,Los Angeles,California,90004.0,West
RF-19840,Roy Französisch,Consumer,United States,San Antonio,Texas,78207.0,Central
NG-18355,Nat Gilpin,Corporate,United States,Newark,Ohio,43055.0,East
LF-17185,Luke Foster,Consumer,United States,New York City,New York,10011.0,East
AS-10090,Adam Shillingsburg,Consumer,United States,Charlottesville,Virginia,22901.0,South
AC-10450,Amy Cox,Consumer,United States,Minneapolis,Minnesota,55407.0,Central
RW-19540,Rick Wilson,Corporate,United States,Los Angeles,California,90008.0,West
MZ-17515,Mary Zewe,Corporate,United States,Reading,Pennsylvania,19601.0,East
SC-20230,Scot Coram,Corporate,United States,Arlington,Texas,76017.0,Central
SV-20365,Seth Vernon,Consumer,United States,Lafayette,Louisiana,70506.0,South
JE-15715,Joe Elijah,Consumer,United States,Broomfield,Colorado,80020.0,West
AC-10615,Ann Chong,Corporate,United States,New York City,New York,10009.0,East
NG-18430,Nathan Gelder,Consumer,United States,Oklahoma City,Oklahoma,73120.0,Central
JS-16030,Joy Smith,Consumer,United States,Houston,Texas,77036.0,Central
ND-18460,Neil Ducich,Corporate,United States,Chesapeake,Virginia,23320.0,South
SC-20800,Stuart Calhoun,Consumer,United States,Houston,Texas,77041.0,Central
RD-19480,Rick Duston,Consumer,United States,Richmond,Indiana,47374.0,Central
RD-19900,Ruben Dartt,Consumer,United States,Portland,Oregon,97206.0,West
EH-14005,Erica Hernandez,Home Office,United States,Philadelphia,Pennsylvania,19143.0,East
CS-11950,Carlos Soltero,Consumer,United States,Chicago,Illinois,60610.0,Central
IL-15100,Ivan Liston,Consumer,United States,San Francisco,California,94122.0,West
CJ-12010,Caroline Jumper,Consumer,United States,New York City,New York,10009.0,East
AG-10390,Allen Goldenen,Consumer,United States,Knoxville,Tennessee,37918.0,South
LT-17110,Liz Thompson,Consumer,United States,Little Rock,Arkansas,72209.0,South
BT-11305,Beth Thompson,Home Office,United States,Seattle,Washington,98103.0,West
CG-12040,Catherine Glotzbach,Home Office,United States,Bristol,Tennessee,37620.0,South
NS-18505,Neola Schneider,Consumer,United States,San Jose,California,95123.0,West
DK-13375,Dennis Kane,Consumer,United States,Marion,Ohio,43302.0,East
GM-14680,Greg Matthias,Consumer,United States,New York City,New York,10024.0,East
MZ-17335,Maria Zettner,Home Office,United States,San Diego,California,92024.0,West
MV-17485,Mark Van Huff,Consumer,United States,Arlington,Virginia,22204.0,South
SM-20320,Sean Miller,Home Office,United States,Monroe,North Carolina,28110.0,South
MK-17905,Michael Kennedy,Corporate,United States,Miami,Florida,33180.0,South
JL-15850,John Lucas,Consumer,United States,San Francisco,California,94122.0,West
AR-10405,Allen Rosenblatt,Corporate,United States,Los Angeles,California,90036.0,West
FM-14215,Filia McAdams,Corporate,United States,Middletown,Connecticut,6457.0,East
PJ-18835,Patrick Jones,Corporate,United States,Murfreesboro,Tennessee,37130.0,South
RS-19420,Ricardo Sperren,Corporate,United States,Seattle,Washington,98115.0,West
MS-17980,Michael Stewart,Corporate,United States,Houston,Texas,77041.0,Central
SV-20935,Susan Vittorini,Consumer,United States,New York City,New York,10009.0,East
BC-11125,Becky Castell,Home Office,United States,Peoria,Arizona,85345.0,West
AM-10360,Alice McCarthy,Corporate,United States,Los Angeles,California,90032.0,West
MP-17965,Michael Paige,Corporate,United States,Warwick,Rhode Island,2886.0,East
BF-11020,Barry Französisch,Corporate,United States,Aurora,Illinois,60505.0,Central
SG-20605,Speros Goranitis,Consumer,United States,New York City,New York,10009.0,East
AS-10630,Ann Steele,Home Office,United States,Philadelphia,Pennsylvania,19120.0,East
EM-13810,Eleni McCrary,Corporate,United States,Los Angeles,California,90036.0,West
GM-14695,Greg Maxwell,Corporate,United States,Los Angeles,California,90036.0,West
RB-19435,Richard Bierner,Consumer,United States,Houston,Texas,77070.0,Central
MY-17380,Maribeth Yedwab,Corporate,United States,Los Angeles,California,90045.0,West
DB-12910,Daniel Byrd,Home Office,United States,Tampa,Florida,33614.0,South
NP-18700,Nora Preis,Consumer,United States,Bowling Green,Ohio,43402.0,East
TT-21220,Thomas Thornton,Consumer,United States,Houston,Texas,77041.0,Central
LO-17170,Lori Olson,Corporate,United States,La Quinta,California,92253.0,West
SP-20620,Stefania Perrino,Corporate,United States,New York City,New York,10011.0,East
CS-12250,Chris Selesnick,Corporate,United States,Haltom City,Texas,76117.0,Central
BF-11005,Barry Franz,Home Office,United States,Los Angeles,California,90004.0,West
EN-13780,Edward Nazzal,Consumer,United States,New York City,New York,10035.0,East
MS-17365,Maribeth Schnelling,Consumer,United States,San Francisco,California,94110.0,West
MC-17635,Matthew Clasen,Corporate,United States,Saint Louis,Missouri,63116.0,Central
HF-14995,Herbert Flentye,Consumer,United States,Memphis,Tennessee,38109.0,South
HG-15025,Hunter Glantz,Consumer,United States,Amarillo,Texas,79109.0,Central
RR-19525,Rick Reed,Corporate,United States,Lowell,Massachusetts,1852.0,East
TC-21295,Toby Carlisle,Consumer,United States,San Diego,California,92024.0,West
KB-16315,Karl Braun,Consumer,United States,Thomasville,North Carolina,27360.0,South
RA-19285,Ralph Arnett,Consumer,United States,Peoria,Illinois,61604.0,Central
CM-12160,Charles McCrossin,Consumer,United States,Philadelphia,Pennsylvania,19134.0,East
BE-11410,Bobby Elias,Consumer,United States,Lancaster,Ohio,43130.0,East
CP-12085,Cathy Prescott,Corporate,United States,Lakewood,Ohio,44107.0,East
ON-18715,Odella Nelson,Corporate,United States,Cary,North Carolina,27511.0,South
DF-13135,David Flashing,Consumer,United States,Vallejo,California,94591.0,West
EH-13945,Eric Hoffmann,Consumer,United States,Plainfield,New Jersey,7060.0,East
MS-17530,MaryBeth Skach,Consumer,United States,San Diego,California,92037.0,West
FM-14380,Fred McMath,Consumer,United States,Jacksonville,North Carolina,28540.0,South
RH-19555,Ritsa Hightower,Consumer,United States,Tallahassee,Florida,32303.0,South
TM-21010,Tamara Manning,Consumer,United States,Vacaville,California,95687.0,West
MO-17950,Michael Oakman,Consumer,United States,Dallas,Texas,75220.0,Central
JJ-15445,Jennifer Jackson,Consumer,United States,Waukesha,Wisconsin,53186.0,Central
BT-11680,Brian Thompson,Consumer,United States,Fort Lauderdale,Florida,33311.0,South
MD-17860,Michael Dominguez,Corporate,United States,Corpus Christi,Texas,78415.0,Central
DL-13330,Denise Leinenbach,Consumer,United States,Las Cruces,New Mexico,88001.0,West
CC-12145,Charles Crestani,Consumer,United States,El Paso,Texas,79907.0,Central
DR-12940,Daniel Raglin,Home Office,United States,Franklin,Massachusetts,2038.0,East
DM-13015,Darrin Martin,Consumer,United States,Encinitas,California,92024.0,West
AF-10885,Art Foster,Consumer,United States,Toledo,Ohio,43615.0,East
EB-13975,Erica Bern,Corporate,United States,Charlotte,North Carolina,28205.0,South
DL-12925,Daniel Lacy,Consumer,United States,Eagan,Minnesota,55122.0,Central
JM-16195,Justin MacKendrick,Consumer,United States,Watertown,New York,13601.0,East
CT-11995,Carol Triggs,Consumer,United States,Apple Valley,Minnesota,55124.0,Central
GT-14710,Greg Tran,Consumer,United States,Seattle,Washington,98105.0,West
LH-17020,Lisa Hazard,Consumer,United States,San Francisco,California,94122.0,West
EM-14140,Eugene Moren,Home Office,United States,Glendale,Arizona,85301.0,West
SH-20395,Shahid Hopkins,Consumer,United States,Springfield,Ohio,45503.0,East
DV-13045,Darrin Van Huff,Corporate,United States,Philadelphia,Pennsylvania,19143.0,East
TT-21265,Tim Taslimi,Corporate,United States,New York City,New York,10024.0,East
VP-21730,Victor Preis,Home Office,United States,Sterling Heights,Michigan,48310.0,Central
MG-17875,Michael Grace,Home Office,United States,New York City,New York,10011.0,East
JG-15160,James Galang,Consumer,United States,Murray,Kentucky,42071.0,South
ZD-21925,Zuschuss Donatelli,Consumer,United States,Chattanooga,Tennessee,37421.0,South
KF-16285,Karen Ferguson,Home Office,United States,Long Beach,California,90805.0,West
TC-21475,Tony Chapman,Home Office,United States,Columbus,Georgia,31907.0,South
NZ-18565,Nick Zandusky,Home Office,United States,Meridian,Idaho,83642.0,West
DM-13345,Denise Monton,Corporate,United States,Newark,Ohio,43055.0,East
RE-19450,Richard Eichhorn,Consumer,United States,Dallas,Texas,75081.0,Central
KB-16405,Katrina Bavinger,Home Office,United States,Apple Valley,California,92307.0,West
BH-11710,Brosina Hoffman,Consumer,United States,Newark,Delaware,19711.0,East
JP-16135,Julie Prescott,Home Office,United States,Columbus,Ohio,43229.0,East
JE-15610,Jim Epp,Corporate,United States,Lakeland,Florida,33801.0,South
EB-14110,Eugene Barchas,Consumer,United States,Philadelphia,Pennsylvania,19134.0,East
BP-11155,Becky Pak,Consumer,United States,New York City,New York,10011.0,East
CY-12745,Craig Yedwab,Corporate,United States,San Antonio,Texas,78207.0,Central
AR-10825,Anthony Rawles,Corporate,United States,Austin,Texas,78745.0,Central
RD-19810,Ross DeVincentis,Home Office,United States,New York City,New York,10035.0,East
GH-14410,Gary Hansen,Home Office,United States,Glendale,Arizona,85301.0,West
SM-20950,Suzanne McNair,Corporate,United States,New York City,New York,10011.0,East
BM-11650,Brian Moss,Corporate,United States,Columbia,Maryland,21044.0,East
TC-20980,Tamara Chand,Corporate,United States,Houston,Texas,77041.0,Central
ML-18040,Michelle Lonsdale,Corporate,United States,Missouri City,Texas,77489.0,Central
JL-15130,Jack Lebron,Consumer,United States,Houston,Texas,77036.0,Central
TB-21280,Toby Braunhardt,Consumer,United States,Jacksonville,North Carolina,28540.0,South
VG-21790,Vivek Gonzalez,Consumer,United States,San Mateo,California,94403.0,West
JP-15460,Jennifer Patt,Corporate,United States,Lakewood,New Jersey,8701.0,East
ES-14080,Erin Smith,Corporate,United States,Tempe,Arizona,85281.0,West
BN-11515,Bradley Nguyen,Consumer,United States,New York City,New York,10009.0,East
CC-12475,Cindy Chapman,Consumer,United States,New York City,New York,10024.0,East
SJ-20215,Sarah Jordon,Consumer,United States,Grand Prairie,Texas,75051.0,Central
BP-11185,Ben Peterman,Corporate,United States,Seattle,Washington,98103.0,West
RF-19345,Randy Ferguson,Corporate,United States,Miami,Florida,33180.0,South
PS-19045,Penelope Sewall,Home Office,United States,Los Angeles,California,90032.0,West
AH-10195,Alan Haines,Corporate,United States,Chicago,Illinois,60623.0,Central
AF-10870,Art Ferguson,Consumer,United States,Chicago,Illinois,60610.0,Central
TC-21535,Tracy Collins,Home Office,United States,New York City,New York,10024.0,East
SO-20335,Sean O'Donnell,Consumer,United States,Hempstead,New York,11550.0,East
CS-12490,Cindy Schnelling,Corporate,United States,Conroe,Texas,77301.0,Central
Dp-13240,Dean percer,Home Office,United States,Charlotte,North Carolina,28205.0,South
CL-11890,Carl Ludwig,Consumer,United States,Philadelphia,Pennsylvania,19143.0,East
LA-16780,Laura Armstrong,Corporate,United States,Tinley Park,Illinois,60477.0,Central
SS-20590,Sonia Sunley,Consumer,United States,Madison,Wisconsin,53711.0,Central
AB-10165,Alan Barnes,Consumer,United States,Bellevue,Washington,98006.0,West
AH-10690,Anna Häberlin,Corporate,United States,New York City,New York,10024.0,East
ST-20530,Shui Tom,Consumer,United States,Macon,Georgia,31204.0,South
EM-13825,Elizabeth Moffitt,Corporate,United States,Dallas,Texas,75081.0,Central
MH-17455,Mark Hamilton,Consumer,United States,Jacksonville,North Carolina,28540.0,South
PJ-19015,Pauline Johnson,Consumer,United States,Mobile,Alabama,36608.0,South
RH-19600,Rob Haberlin,Consumer,United States,Carol Stream,Illinois,60188.0,Central
RD-19930,Russell D'Ascenzo,Consumer,United States,Austin,Texas,78745.0,Central
HW-14935,Helen Wasserman,Corporate,United States,Chicago,Illinois,60653.0,Central
ML-17395,Marina Lichtenstein,Corporate,United States,San Diego,California,92105.0,West
SB-20290,Sean Braxton,Corporate,United States,Henderson,Kentucky,42420.0,South
CC-12550,Clay Cheatham,Consumer,United States,Los Angeles,California,90008.0,West
TS-21505,Tony Sayre,Consumer,United States,San Francisco,California,94122.0,West
GT-14755,Guy Thornton,Consumer,United States,Los Angeles,California,90049.0,West
JK-15640,Jim Kriz,Home Office,United States,Seattle,Washington,98105.0,West
JW-15955,Joni Wasserman,Consumer,United States,Long Beach,New York,11561.0,East
FM-14290,Frank Merwin,Home Office,United States,Bakersfield,California,93309.0,West
AG-10300,Aleksandra Gannaway,Corporate,United States,San Francisco,California,94122.0,West
DB-12970,Darren Budd,Corporate,United States,Los Angeles,California,90004.0,West
DB-13210,Dean Braden,Consumer,United States,Detroit,Michigan,48234.0,Central
ML-17410,Maris LaWare,Consumer,United States,Philadelphia,Pennsylvania,19143.0,East
MH-17620,Matt Hagelstein,Corporate,United States,San Diego,California,92105.0,West
DO-13435,Denny Ordway,Consumer,United States,Mesa,Arizona,85204.0,West
JK-15625,Jim Karlsson,Consumer,United States,Olympia,Washington,98502.0,West
JL-15235,Janet Lee,Consumer,United States,Newark,Delaware,19711.0,East
RM-19750,Roland Murray,Consumer,United States,New York City,New York,10011.0,East
JG-15310,Jason Gross,Corporate,United States,Odessa,Texas,79762.0,Central
JB-16045,Julia Barnett,Home Office,United States,Chula Vista,California,91911.0,West
DP-13390,Dennis Pardue,Home Office,United States,Los Angeles,California,90004.0,West
KL-16555,Kelly Lampkin,Corporate,United States,Greensboro,North Carolina,27405.0,South
JG-15805,John Grady,Corporate,United States,Dallas,Texas,75217.0,Central
KE-16420,Katrina Edelman,Corporate,United States,Bristol,Tennessee,37620.0,South
NC-18415,Nathan Cano,Consumer,United States,Yonkers,New York,10701.0,East
DW-13195,David Wiener,Corporate,United States,Knoxville,Tennessee,37918.0,South
SV-20785,Stewart Visinsky,Consumer,United States,Roswell,Georgia,30076.0,South
SJ-20125,Sanjit Jacobs,Home Office,United States,Texarkana,Arkansas,71854.0,South
DS-13180,David Smith,Corporate,United States,San Antonio,Texas,78207.0,Central
SF-20965,Sylvia Foulston,Corporate,United States,Baytown,Texas,77520.0,Central
VT-21700,Valerie Takahito,Home Office,United States,Philadelphia,Pennsylvania,19143.0,East
AB-10105,Adrian Barton,Consumer,United States,Pearland,Texas,77581.0,Central
KD-16495,Keith Dawkins,Corporate,United States,Chesapeake,Virginia,23320.0,South
MS-17710,Maurice Satty,Consumer,United States,Detroit,Michigan,48205.0,Central
DW-13540,Don Weiss,Consumer,United States,New York City,New York,10024.0,East
FG-14260,Frank Gastineau,Home Office,United States,Seattle,Washington,98105.0,West
CC-12370,Christopher Conant,Consumer,United States,Los Angeles,California,90045.0,West
MS-17770,Maxwell Schwartz,Consumer,United States,Lancaster,Pennsylvania,17602.0,East
DK-12895,Dana Kaydos,Consumer,United States,Kenosha,Wisconsin,53142.0,Central
JM-15655,Jim Mitchum,Corporate,United States,Lorain,Ohio,44052.0,East
CS-11845,Cari Sayre,Corporate,United States,Houston,Texas,77070.0,Central
NP-18685,Nora Pelletier,Home Office,United States,Indianapolis,Indiana,46203.0,Central
LC-16930,Linda Cazamias,Corporate,United States,Sacramento,California,95823.0,West
TB-21175,Thomas Boland,Corporate,United States,New York City,New York,10035.0,East
MC-17275,Marc Crier,Consumer,United States,New York City,New York,10011.0,East
NC-18625,Noah Childs,Corporate,United States,Houston,Texas,77095.0,Central
MM-17920,Michael Moore,Consumer,United States,Philadelphia,Pennsylvania,19120.0,East
LP-17080,Liz Pelletier,Consumer,United States,Seattle,Washington,98103.0,West
PV-18985,Paul Van Hugh,Home Office,United States,Los Angeles,California,90036.0,West
CB-12025,Cassandra Brandow,Consumer,United States,Philadelphia,Pennsylvania,19134.0,East
SW-20245,Scot Wooten,Consumer,United States,Philadelphia,Pennsylvania,19140.0,East
JF-15355,Jay Fein,Consumer,United States,Columbia,South Carolina,29203.0,South
RS-19765,Roland Schwarz,Corporate,United States,Columbia,South Carolina,29203.0,South
BF-11170,Ben Ferrer,Home Office,United States,San Francisco,California,94109.0,West
JK-15730,Joe Kamberova,Consumer,United States,Houston,Texas,77036.0,Central
CR-12820,Cyra Reiten,Home Office,United States,New York City,New York,10035.0,East
MA-17560,Matt Abelman,Home Office,United States,New York City,New York,10024.0,East
PF-19120,Peter Fuller,Consumer,United States,Richmond,Kentucky,40475.0,South
NC-18535,Nick Crebassa,Corporate,United States,San Francisco,California,94110.0,West
SR-20740,Steven Roelle,Home Office,United States,Seattle,Washington,98103.0,West
LS-16945,Linda Southworth,Corporate,United States,Dallas,Texas,75220.0,Central
ME-17320,Maria Etezadi,Home Office,United States,Springfield,Virginia,22153.0,South
SJ-20500,Shirley Jackson,Consumer,United States,Fairfield,Connecticut,6824.0,East
KB-16585,Ken Black,Corporate,United States,Medford,Oregon,97504.0,West
MB-17305,Maria Bertelson,Consumer,United States,Citrus Heights,California,95610.0,West
WB-21850,William Brown,Consumer,United States,Los Angeles,California,90045.0,West
DC-13285,Debra Catini,Consumer,United States,Richmond,Virginia,23223.0,South
JC-15775,John Castell,Consumer,United States,New York City,New York,10011.0,East
PO-18850,Patrick O'Brill,Consumer,United States,Hialeah,Florida,33012.0,South
SS-20875,Sung Shariari,Consumer,United States,Redmond,Washington,98052.0,West
AG-10330,Alex Grayson,Consumer,United States,Stockton,California,95207.0,West
RO-19780,Rose O'Brian,Consumer,United States,Clarksville,Tennessee,37042.0,South
RR-19315,Ralph Ritter,Consumer,United States,Aurora,Illinois,60505.0,Central
MA-17995,Michelle Arnett,Home Office,United States,Lawrence,Indiana,46226.0,Central
JL-15835,John Lee,Consumer,United States,Philadelphia,Pennsylvania,19120.0,East
MW-18220,Mitch Webber,Consumer,United States,Philadelphia,Pennsylvania,19140.0,East
SN-20710,Steve Nguyen,Home Office,United States,Los Angeles,California,90004.0,West
SC-20095,Sanjit Chand,Consumer,United States,Margate,Florida,33063.0,South
CB-12415,Christy Brittain,Consumer,United States,Chicago,Illinois,60653.0,Central
AA-10645,Anna Andreadi,Consumer,United States,San Francisco,California,94109.0,West
CA-12055,Cathy Armstrong,Home Office,United States,Houston,Texas,77036.0,Central
GW-14605,Giulietta Weimer,Consumer,United States,Philadelphia,Pennsylvania,19140.0,East
BG-11740,Bruce Geld,Consumer,United States,Houston,Texas,77070.0,Central
RD-19720,Roger Demir,Consumer,United States,New York City,New York,10024.0,East
TN-21040,Tanja Norvell,Home Office,United States,Manteca,California,95336.0,West
VF-21715,Vicky Freymann,Home Office,United States,Seattle,Washington,98115.0,West
HM-14860,Harry Marie,Corporate,United States,Los Angeles,California,90049.0,West
JB-16000,Joy Bell-,Consumer,United States,Philadelphia,Pennsylvania,19140.0,East
NL-18310,Nancy Lomonaco,Home Office,United States,Danville,California,94526.0,West
Co-12640,Corey-Lock,Consumer,United States,Seattle,Washington,98105.0,West
AH-10120,Adrian Hane,Home Office,United States,San Francisco,California,94110.0,West
KH-16330,Katharine Harms,Corporate,United States,Freeport,Illinois,61032.0,Central
DB-13555,Dorothy Badders,Corporate,United States,Fort Worth,Texas,76106.0,Central
MV-18190,Mike Vittorini,Consumer,United States,Raleigh,North Carolina,27604.0,South
NR-18550,Nick Radford,Consumer,United States,Aurora,Illinois,60505.0,Central
LH-16900,Lena Hernandez,Consumer,United States,San Francisco,California,94110.0,West
JD-16060,Julia Dunbar,Consumer,United States,Rochester,Minnesota,55901.0,Central
TS-21160,Theresa Swint,Corporate,United States,San Francisco,California,94110.0,West
DL-13495,Dionis Lloyd,Corporate,United States,Spokane,Washington,99207.0,West
SC-20380,Shahid Collister,Consumer,United States,Pembroke Pines,Florida,33024.0,South
CS-11860,Cari Schnelling,Consumer,United States,Jacksonville,North Carolina,28540.0,South
MH-18025,Michelle Huthwaite,Consumer,United States,Buffalo,New York,14215.0,East
TB-21625,Trudy Brown,Consumer,United States,Los Angeles,California,90004.0,West
JO-15145,Jack O'Briant,Corporate,United States,Richmond,Kentucky,40475.0,South
MP-18175,Mike Pelletier,Home Office,United States,San Francisco,California,94110.0,West
FH-14350,Fred Harton,Consumer,United States,Dublin,Ohio,43017.0,East
KN-16390,Katherine Nockton,Corporate,United States,Columbus,Ohio,43229.0,East
SL-20155,Sara Luxemburg,Home Office,United States,Durham,North Carolina,27707.0,South
MC-17605,Matt Connell,Corporate,United States,Houston,Texas,77070.0,Central
BM-11575,Brendan Murry,Corporate,United States,Gaithersburg,Maryland,20877.0,East
KD-16345,Katherine Ducich,Consumer,United States,New York City,New York,10009.0,East
JD-16015,Joy Daniels,Consumer,United States,Seattle,Washington,98115.0,West
AB-10015,Aaron Bergman,Consumer,United States,Seattle,Washington,98103.0,West
AH-10210,Alan Hwang,Consumer,United States,New York City,New York,10024.0,East
CV-12295,Christina VanderZanden,Consumer,United States,Chicago,Illinois,60653.0,Central
SC-20260,Scott Cohen,Corporate,United States,Seattle,Washington,98115.0,West
TS-21370,Todd Sumrall,Corporate,United States,Wilmington,Delaware,19805.0,East
AH-10465,Amy Hunt,Consumer,United States,Dallas,Texas,75217.0,Central
TP-21130,Theone Pippenger,Consumer,United States,Georgetown,Kentucky,40324.0,South
JM-15580,Jill Matthias,Consumer,United States,Monroe,North Carolina,28110.0,South
SH-19975,Sally Hughsby,Corporate,United States,San Francisco,California,94109.0,West
KW-16570,Kelly Williams,Consumer,United States,Kirkwood,Missouri,63122.0,Central
FC-14335,Fred Chung,Corporate,United States,Pueblo,Colorado,81001.0,West
CA-12775,Cynthia Arntzen,Consumer,United States,Detroit,Michigan,48205.0,Central
EJ-14155,Eva Jacobs,Consumer,United States,Seattle,Washington,98105.0,West
DP-13000,Darren Powers,Consumer,United States,Houston,Texas,77041.0,Central
DL-12865,Dan Lawera,Consumer,United States,Greensboro,North Carolina,27405.0,South
TZ-21580,Tracy Zic,Consumer,United States,Lakewood,California,90712.0,West
LS-17230,Lycoris Saunders,Consumer,United States,Los Angeles,California,90049.0,West
NH-18610,Nicole Hansen,Corporate,United States,Oak Park,Michigan,48237.0,Central
NB-18655,Nona Balk,Corporate,United States,Philadelphia,Pennsylvania,19134.0,East
DM-13525,Don Miller,Corporate,United States,Houston,Texas,77070.0,Central
PR-18880,Patrick Ryan,Consumer,United States,Saint Petersburg,Florida,33710.0,South
EH-14185,Evan Henry,Consumer,United States,New York City,New York,10035.0,East
TH-21115,Thea Hudgings,Corporate,United States,Philadelphia,Pennsylvania,19140.0,East
CK-12205,Chloris Kastensmidt,Consumer,United States,Santa Clara,California,95051.0,West
TB-21355,Todd Boyes,Corporate,United States,Cedar Hill,Texas,75104.0,Central
JK-16090,Juliana Krohn,Consumer,United States,Omaha,Nebraska,68104.0,Central
CK-12595,Clytie Kelty,Consumer,United States,Little Rock,Arkansas,72209.0,South
JW-15220,Jane Waco,Corporate,United States,Montgomery,Alabama,36116.0,South
EA-14035,Erin Ashbrook,Corporate,United States,Columbus,Ohio,43229.0,East
PS-18970,Paul Stevenson,Home Office,United States,Clinton,Maryland,20735.0,East
BS-11380,Bill Stewart,Corporate,United States,New York City,New York,10011.0,East
SU-20665,Stephanie Ulpright,Home Office,United States,Ann Arbor,Michigan,48104.0,Central
SC-20050,Sample Company A,Home Office,United States,La Mesa,California,91941.0,West
AT-10435,Alyssa Tate,Home Office,United States,Meriden,Connecticut,6450.0,East
AG-10495,Andrew Gjertsen,Corporate,United States,Alexandria,Virginia,22304.0,South
MM-18280,Muhammed MacIntyre,Corporate,United States,New York City,New York,10009.0,East
TG-21640,Trudy Glocke,Consumer,United States,Pocatello,Idaho,83201.0,West
PG-18895,Paul Gonzalez,Consumer,United States,San Francisco,California,94109.0,West
HR-14770,Hallie Redmond,Home Office,United States,New York City,New York,10035.0,East
LC-17050,Liz Carlisle,Consumer,United States,Richmond,Kentucky,40475.0,South
FH-14365,Fred Hopkins,Corporate,United States,Long Beach,New York,11561.0,East
AR-10345,Alex Russell,Corporate,United States,Houston,Texas,77070.0,Central
LM-17065,Liz MacKendrick,Consumer,United States,Auburn,New York,13021.0,East
KT-16465,Kean Takahito,Consumer,United States,San Francisco,California,94109.0,West
AR-10510,Andrew Roberts,Consumer,United States,Columbus,Ohio,43229.0,East
CM-12235,Chris McAfee,Consumer,United States,Little Rock,Arkansas,72209.0,South
BP-11050,Barry Pond,Corporate,United States,Cranston,Rhode Island,2920.0,East
PL-18925,Paul Lucas,Home Office,United States,Los Angeles,California,90049.0,West
GD-14590,Giulietta Dortch,Corporate,United States,Bellingham,Washington,98226.0,West
RL-19615,Rob Lucas,Consumer,United States,Philadelphia,Pennsylvania,19120.0,East
RB-19465,Rick Bensley,Home Office,United States,Seattle,Washington,98103.0,West
AY-10555,Andy Yotov,Corporate,United States,Los Angeles,California,90049.0,West
BD-11635,Brian Derr,Consumer,United States,Columbus,Ohio,43229.0,East
AH-10585,Angele Hood,Consumer,United States,Miami,Florida,33142.0,South
TB-21520,Tracy Blumstein,Consumer,United States,Sierra Vista,Arizona,85635.0,West
CP-12340,Christine Phan,Corporate,United States,Miami,Florida,33142.0,South
KN-16705,Kristina Nunn,Home Office,United States,New York City,New York,10009.0,East
SS-20140,Saphhira Shifley,Corporate,United States,Los Angeles,California,90036.0,West
GM-14440,Gary McGarr,Consumer,United States,Los Angeles,California,90049.0,West
AM-10705,Anne McFarland,Consumer,United States,Des Plaines,Illinois,60016.0,Central
MG-17650,Matthew Grinstein,Home Office,United States,Marion,Ohio,43302.0,East
JF-15415,Jennifer Ferguson,Consumer,United States,Seattle,Washington,98105.0,West
JH-15910,Jonathan Howell,Consumer,United States,Tulsa,Oklahoma,74133.0,Central
RM-19675,Robert Marley,Home Office,United States,Cambridge,Massachusetts,2138.0,East
BB-11545,Brenda Bowman,Corporate,United States,Oakland,California,94601.0,West
ME-17725,Max Engle,Consumer,United States,Salem,Virginia,24153.0,South
SB-20170,Sarah Bern,Consumer,United States,Chicago,Illinois,60623.0,Central
AI-10855,Arianne Irving,Consumer,United States,New York City,New York,10035.0,East
TP-21565,Tracy Poddar,Corporate,United States,Eugene,Oregon,97405.0,West
RB-19795,Ross Baird,Home Office,United States,Midland,Michigan,48640.0,Central
BF-11275,Beth Fritzler,Corporate,United States,Miami,Florida,33178.0,South
DS-13030,Darrin Sayre,Home Office,United States,New York City,New York,10009.0,East
AW-10930,Arthur Wiediger,Home Office,United States,Philadelphia,Pennsylvania,19143.0,East
DK-12835,Damala Kotsonis,Corporate,United States,Springfield,Virginia,22153.0,South
SP-20650,Stephanie Phelps,Corporate,United States,New York City,New York,10009.0,East
SP-20545,Sibella Parks,Corporate,United States,Philadelphia,Pennsylvania,19143.0,East
FC-14245,Frank Carlisle,Home Office,United States,San Francisco,California,94109.0,West
JH-16180,Justin Hirsh,Consumer,United States,New York City,New York,10035.0,East
EB-13750,Edward Becker,Corporate,United States,Buffalo,New York,14215.0,East
EJ-13720,Ed Jacobs,Consumer,United States,Los Angeles,California,90008.0,West
SV-20815,Stuart Van,Corporate,United States,Indianapolis,Indiana,46203.0,Central
VP-21760,Victoria Pisteka,Corporate,United States,San Francisco,California,94109.0,West
PO-18865,Patrick O'Donnell,Consumer,United States,Indianapolis,Indiana,46203.0,Central
DB-13405,Denny Blanton,Consumer,United States,Lawrence,Massachusetts,1841.0,East
TW-21025,Tamara Willingham,Home Office,United States,Charlottesville,Virginia,22901.0,South
TB-21055,Ted Butterfield,Consumer,United States,Meriden,Connecticut,6450.0,East
DE-13255,Deanra Eno,Home Office,United States,Los Angeles,California,90008.0,West
RP-19855,Roy Phan,Corporate,United States,Houston,Texas,77095.0,Central
VM-21835,Vivian Mathis,Consumer,United States,Nashua,New Hampshire,3060.0,East
MF-17665,Maureen Fritzler,Corporate,United States,Miami,Florida,33180.0,South
BG-11035,Barry Gonzalez,Consumer,United States,Greensboro,North Carolina,27405.0,South
CW-11905,Carl Weiss,Home Office,United States,Los Angeles,California,90004.0,West
PT-19090,Pete Takahito,Consumer,United States,San Antonio,Texas,78207.0,Central
CC-12610,Corey Catlett,Corporate,United States,Durham,North Carolina,27707.0,South
CS-12505,Cindy Stewart,Consumer,United States,Los Angeles,California,90036.0,West
JS-15595,Jill Stevenson,Corporate,United States,Chicago,Illinois,60653.0,Central
BN-11470,Brad Norvell,Corporate,United States,Brentwood,California,94513.0,West
EM-13960,Eric Murdock,Consumer,United States,San Francisco,California,94109.0,West
TA-21385,Tom Ashbrook,Home Office,United States,Chicago,Illinois,60653.0,Central
HM-14980,Henry MacAllister,Consumer,United States,Los Angeles,California,90008.0,West
TB-21190,Thomas Brumley,Home Office,United States,Riverside,California,92503.0,West
JA-15970,Joseph Airdo,Consumer,United States,Detroit,Michigan,48227.0,Central
GA-14515,George Ashbrook,Consumer,United States,Los Angeles,California,90004.0,West
CD-11980,Carol Darley,Consumer,United States,New York City,New York,10011.0,East
SG-20890,Susan Gilcrest,Corporate,United States,Amarillo,Texas,79109.0,Central
MY-18295,Muhammed Yedwab,Corporate,United States,Philadelphia,Pennsylvania,19140.0,East
JK-15205,Jamie Kunitz,Consumer,United States,Hialeah,Florida,33012.0,South
CM-12115,Chad McGuire,Consumer,United States,San Francisco,California,94109.0,West
EH-13765,Edward Hooks,Corporate,United States,Seattle,Washington,98115.0,West
MC-18100,Mick Crebagga,Consumer,United States,Chicago,Illinois,60623.0,Central
GB-14575,Giulietta Baptist,Consumer,United States,New York City,New York,10011.0,East
AG-10525,Andy Gerbode,Corporate,United States,Houston,Texas,77095.0,Central
DO-13645,Doug O'Connell,Consumer,United States,Boynton Beach,Florida,33437.0,South
LH-17155,Logan Haushalter,Consumer,United States,San Jose,California,95123.0,West
SC-20020,Sam Craven,Consumer,United States,Houston,Texas,77095.0,Central
TG-21310,Toby Gnade,Consumer,United States,Raleigh,North Carolina,27604.0,South
DD-13570,Dorothy Dickinson,Consumer,United States,Los Angeles,California,90049.0,West
JS-15880,John Stevenson,Consumer,United States,Toledo,Ohio,43615.0,East
LB-16795,Laurel Beltran,Home Office,United States,Huntington Beach,California,92646.0,West
SW-20755,Steven Ward,Corporate,United States,Seattle,Washington,98115.0,West
CA-11965,Carol Adams,Corporate,United States,Los Angeles,California,90036.0,West
VS-21820,Vivek Sundaresam,Consumer,United States,Huntsville,Texas,77340.0,Central
TS-21655,Trudy Schmidt,Consumer,United States,Rancho Cucamonga,California,91730.0,West
JG-15115,Jack Garza,Consumer,United States,Charlotte,North Carolina,28205.0,South
JB-15925,Joni Blumstein,Consumer,United States,Los Angeles,California,90032.0,West
PB-19105,Peter Bühler,Consumer,United States,Philadelphia,Pennsylvania,19140.0,East
BG-11695,Brooke Gillingham,Corporate,United States,New York City,New York,10009.0,East
TS-21205,Thomas Seio,Corporate,United States,Riverside,California,92503.0,West
BW-11065,Barry Weirich,Consumer,United States,Philadelphia,Pennsylvania,19120.0,East
MG-17680,Maureen Gastineau,Home Office,United States,Los Angeles,California,90049.0,West
CR-12580,Clay Rozendal,Home Office,United States,San Diego,California,92037.0,West
BS-11365,Bill Shonely,Corporate,United States,Seattle,Washington,98105.0,West
NP-18670,Nora Paige,Consumer,United States,Saint Louis,Missouri,63116.0,Central
LW-17215,Luke Weiss,Consumer,United States,Rochester,New York,14609.0,East
JM-15250,Janet Martin,Consumer,United States,Huntsville,Texas,77340.0,Central
JM-15865,John Murray,Consumer,United States,San Angelo,Texas,76903.0,Central
AZ-10750,Annie Zypern,Consumer,United States,San Diego,California,92037.0,West
SG-20470,Sheri Gordon,Consumer,United States,Rockville,Maryland,20852.0,East
DM-12955,Dario Medina,Corporate,United States,Nashville,Tennessee,37211.0,South
SF-20065,Sandra Flanagan,Consumer,United States,Everett,Massachusetts,2149.0,East
PS-18760,Pamela Stobb,Consumer,United States,Andover,Massachusetts,1810.0,East
BO-11350,Bill Overfelt,Corporate,United States,Philadelphia,Pennsylvania,19134.0,East
LR-17035,Lisa Ryan,Corporate,United States,Santa Clara,California,95051.0,West
MR-17545,Mathew Reese,Home Office,United States,Houston,Texas,77095.0,Central
SR-20425,Sharelle Roach,Home Office,United States,Springfield,Ohio,45503.0,East
HE-14800,Harold Engle,Corporate,United States,Newark,Delaware,19711.0,East
TH-21100,Thea Hendricks,Consumer,United States,Salem,Virginia,24153.0,South
JH-15820,John Huston,Consumer,United States,Holland,Michigan,49423.0,Central
SE-20110,Sanjit Engle,Consumer,United States,Arlington,Virginia,22204.0,South
DH-13075,Dave Hallsten,Corporate,United States,Los Angeles,California,90045.0,West
EM-14065,Erin Mull,Consumer,United States,Frisco,Texas,75034.0,Central
HD-14785,Harold Dahlen,Home Office,United States,Philadelphia,Pennsylvania,19143.0,East
DP-13105,Dave Poirier,Corporate,United States,Hempstead,New York,11550.0,East
MH-17440,Mark Haberlin,Corporate,United States,Escondido,California,92025.0,West
CA-12310,Christine Abelman,Corporate,United States,San Antonio,Texas,78207.0,Central
BT-11440,Bobby Trafton,Consumer,United States,New York City,New York,10035.0,East
BT-11395,Bill Tyler,Corporate,United States,Los Angeles,California,90004.0,West
HG-14965,Henry Goldwyn,Corporate,United States,Colorado Springs,Colorado,80906.0,West
NF-18475,Neil Französisch,Home Office,United States,Reno,Nevada,89502.0,West
PW-19240,Pierre Wener,Consumer,United States,San Francisco,California,94110.0,West
CS-12175,Charles Sheldon,Corporate,United States,Chattanooga,Tennessee,37421.0,South
AG-10765,Anthony Garverick,Home Office,United States,Lawrence,Indiana,46226.0,Central
CM-12715,Craig Molinari,Corporate,United States,Houston,Texas,77070.0,Central
KT-16480,Kean Thornton,Consumer,United States,Philadelphia,Pennsylvania,19134.0,East
LC-16960,Lindsay Castell,Home Office,United States,San Diego,California,92037.0,West
NW-18400,Natalie Webber,Consumer,United States,Portland,Oregon,97206.0,West
LW-17125,Liz Willingham,Consumer,United States,Virginia Beach,Virginia,23464.0,South
ED-13885,Emily Ducich,Home Office,United States,New York City,New York,10011.0,East
EB-13930,Eric Barreto,Consumer,United States,Saint Petersburg,Florida,33710.0,South
FW-14395,Fred Wasserman,Corporate,United States,New York City,New York,10011.0,East
KM-16660,Khloe Miller,Consumer,United States,Philadelphia,Pennsylvania,19140.0,East
MG-17695,Maureen Gnade,Consumer,United States,Chicago,Illinois,60610.0,Central
JL-15505,Jeremy Lonsdale,Consumer,United States,Westminster,California,92683.0,West
KD-16615,Ken Dana,Corporate,United States,Los Angeles,California,90008.0,West
SC-20305,Sean Christensen,Consumer,United States,Philadelphia,Pennsylvania,19140.0,East
SM-20005,Sally Matthias,Consumer,United States,Houston,Texas,77041.0,Central
MO-17800,Meg O'Connel,Home Office,United States,Spokane,Washington,99207.0,West
CD-12280,Christina DeMoss,Consumer,United States,New York City,New York,10024.0,East
HG-14845,Harry Greene,Consumer,United States,Dallas,Texas,75220.0,Central
NF-18385,Natalie Fritzler,Consumer,United States,Wheeling,West Virginia,26003.0,East
CM-12385,Christopher Martinez,Consumer,United States,San Francisco,California,94110.0,West
EC-14050,Erin Creighton,Consumer,United States,Oklahoma City,Oklahoma,73120.0,Central
MM-18055,Michelle Moray,Consumer,United States,San Francisco,California,94110.0,West
PB-18805,Patrick Bzostek,Home Office,United States,Seattle,Washington,98115.0,West
RP-19270,Rachel Payne,Corporate,United States,Houston,Texas,77095.0,Central
SM-20905,Susan MacKendrick,Consumer,United States,Newark,Ohio,43055.0,East
RS-19870,Roy Skaria,Home Office,United States,Philadelphia,Pennsylvania,19120.0,East
BF-11080,Bart Folk,Consumer,United States,New York City,New York,10024.0,East
KH-16690,Kristen Hastings,Corporate,United States,Riverside,California,92503.0,West
GM-14500,Gene McClure,Consumer,United States,Bakersfield,California,93309.0,West
BT-11485,Brad Thomas,Home Office,United States,Philadelphia,Pennsylvania,19140.0,East
LD-17005,Lisa DeCherney,Consumer,United States,San Francisco,California,94122.0,West
TB-21250,Tim Brockman,Consumer,United States,Bloomington,Illinois,61701.0,Central
